Class,Blob_path,form_factor,eccentricity,convexity,solidity,HuMoments_1,HuMoments_2,HuMoments_3,HuMoments_4
0,BLOB0_0.png,0.18481805,1.39040576,0.588054729,0.596972564,4.28687146,5.12514052,5.09846363,10.21029514
0,BLOB1_0.png,0.193531133,1.148269905,0.620020021,0.595421687,8.38523534,8.64516613,9.52474676,18.62659741
0,BLOB3_0.png,0.259022587,1.895366047,0.696016883,0.689974362,6.4568088,9.56818236,10.56172173,20.62788411
0,BLOB4_0.png,0.1648943,1.201201109,0.607521691,0.537258012,5.55122188,9.50332105,9.99323778,19.74451173
0,BLOB4_1.png,0.294278538,1.256217203,0.682529691,0.694738183,5.56089842,9.46633082,9.983368,19.71271143
0,BLOB5_0.png,0.144538144,1.083790984,0.522282149,0.615695444,7.87974464,9.48521646,11.24405565,-21.61249911
0,BLOB6_0.png,0.32133327,1.170105681,0.701578609,0.709214311,7.87098488,10.34704651,10.70767232,21.25844732
0,BLOB8_0.png,0.231383079,1.206394018,0.627761885,0.645754207,7.56337568,10.53195707,11.75689202,-22.94922597
0,BLOB9_0.png,0.158194137,2.253624997,0.611712606,0.62649255,6.75240172,9.77379058,11.07532043,21.68778385
0,BLOB11_0.png,0.258053993,1.221690853,0.641732817,0.720515211,7.18159309,9.12012072,9.10053155,18.21088289
0,BLOB12_1.png,0.188128714,1.335864744,0.600301247,0.612016293,4.7152433,7.94913751,7.87699441,15.79273733
0,BLOB13_0.png,0.121541657,1.625522384,0.489285046,0.595486069,6.96123714,10.47568587,10.31418311,-20.83397615
0,BLOB14_0.png,0.350241684,1.642280202,0.747791607,0.732725624,6.69776799,10.86537199,12.30146456,23.9878668
0,BLOB16_0.png,0.231941172,1.063878555,0.644648647,0.649472048,8.28021307,9.93848308,11.15189152,21.92693796
0,BLOB18_0.png,0.355767646,1.558346447,0.756355461,0.714054096,6.75351757,8.60578455,8.67913592,17.32163378
0,BLOB19_1.png,0.14664605,1.019458025,0.546373341,0.663545224,4.85037005,7.54591576,8.19878427,16.21148446
0,BLOB20_0.png,0.101331757,1.158198581,0.430998724,0.590789588,5.91089881,8.07248498,8.08999776,16.17177554
0,BLOB21_0.png,0.144383798,1.813408011,0.57882232,0.57658301,6.57745423,8.84900793,10.27425043,19.83927578
0,BLOB22_0.png,0.385422614,1.283437528,0.758304775,0.735128643,4.33878369,5.99648549,5.96870515,11.9513985
0,BLOB24_0.png,0.109326072,1.38756743,0.45527098,0.608290009,5.49382818,8.90467427,8.98212491,17.92901558
0,BLOB25_0.png,0.322386304,1.631426792,0.724133817,0.734512763,5.56383587,7.81114736,7.94856582,15.82983657
0,BLOB27_0.png,0.318414921,1.252908919,0.719864353,0.670080677,7.34382561,10.54800107,11.59643869,-23.29362101
0,BLOB29_0.png,0.260445638,1.814230883,0.702408851,0.677994297,5.02050946,7.39396327,7.18937531,14.48107878
0,BLOB30_0.png,0.126737076,1.234483771,0.508011307,0.54515817,7.25871756,10.34455325,10.4226036,20.85950962
0,BLOB31_1.png,0.214806624,1.173262858,0.652740348,0.666141936,5.63249985,7.98528179,7.83314789,-15.84799368
0,BLOB32_0.png,0.223544551,2.261844664,0.725368758,0.61115595,6.00086652,7.8369489,8.14077675,16.13276241
0,BLOB33_0.png,0.31518333,1.278915513,0.728035497,0.652642028,7.29925944,9.19912337,8.92167172,18.3934946
0,BLOB34_1.png,0.363467891,1.503129968,0.766759383,0.726448966,4.22666199,6.56615829,6.97449202,13.79169461
0,BLOB36_0.png,0.276433787,1.50783993,0.700228363,0.672497778,4.95923577,7.87927543,8.76462381,17.08668536
0,BLOB36_1.png,0.341567933,1.504305035,0.799595304,0.71583321,4.96496079,7.93429395,8.74201123,17.0925486
0,BLOB38_0.png,0.116102504,1.830264085,0.533924137,0.532658946,6.99665653,8.79152406,8.29752604,17.07326322
0,BLOB40_0.png,0.248231886,2.126768374,0.723931854,0.686521104,5.75867427,7.61293885,7.55866901,15.16148701
0,BLOB40_1.png,0.382573206,2.795531575,0.895776372,0.77719252,5.75555526,7.61001644,7.56012149,15.15999515
0,BLOB41_0.png,0.286536881,1.472599285,0.700317709,0.676422818,5.46795273,7.03497173,7.02536226,14.05677637
0,BLOB42_0.png,0.173728745,1.43182833,0.535071235,0.687018296,5.54944938,7.39813181,7.48321516,14.92389129
0,BLOB43_1.png,0.1648943,1.201201109,0.607521691,0.537258012,4.40705366,7.34277172,7.47321881,14.88153049
0,BLOB44_0.png,0.329499603,1.266152557,0.74990032,0.679260196,7.379451,9.2886143,10.02016351,19.7707151
0,BLOB46_0.png,0.185964335,1.537435762,0.629479693,0.584494462,4.98996994,7.77595641,8.70104919,-17.98898242
0,BLOB46_2.png,0.387614505,1.359659364,0.780085081,0.731598631,5.00534008,7.81933998,8.73569793,-18.03936975
0,BLOB47_0.png,0.116066091,1.238333366,0.47542465,0.600498128,6.1560703,8.63308524,8.8740452,17.62847545
0,BLOB49_1.png,0.386186345,1.593476143,0.78742109,0.756954511,4.26825487,6.67399986,7.07529958,13.98836412
0,BLOB50_0.png,0.321900736,1.131236954,0.761595765,0.721569568,5.08395699,9.72276448,9.78735451,-19.7259476
0,BLOB50_1.png,0.135856046,1.26419871,0.516443248,0.571092985,5.10445086,9.76804696,9.74185608,-19.55951022
0,BLOB51_0.png,0.208627803,1.169388692,0.629768756,0.61889785,6.30561866,10.32254629,11.64212144,23.79748831
0,BLOB51_1.png,0.469047445,1.974018228,0.873002216,0.817921733,6.34479842,10.36690993,11.48764317,23.18153305
0,BLOB52_0.png,0.225790675,1.597835273,0.644151246,0.661428955,6.70271252,8.73065636,9.21749013,18.19156709
0,BLOB54_0.png,0.241510506,1.599634278,0.695712265,0.652480395,6.56440063,9.50197674,11.29012342,21.71951088
0,BLOB55_0.png,0.231383079,1.206394018,0.627761885,0.645754207,5.78113007,7.49851077,7.52405571,15.03534012
0,BLOB56_0.png,0.19672674,1.271434278,0.638974369,0.639363411,7.12344105,9.48936388,11.35883413,-21.901871
0,BLOB57_1.png,0.203253036,2.383145703,0.641792543,0.706691205,5.13938953,7.86041001,7.9576926,15.86777013
0,BLOB60_0.png,0.53304272,1.819421237,0.88723322,0.862084192,6.59136363,8.60308216,8.6487957,17.30114576
0,BLOB60_1.png,0.218739366,1.754458583,0.6556731,0.621119744,6.5822031,8.60163353,8.64184452,17.2921858
0,BLOB61_0.png,0.341764541,1.21996186,0.699682378,0.794693668,6.07313768,7.90886296,7.56707378,15.77230508
0,BLOB62_2.png,0.164060424,1.78048075,0.585790901,0.614214351,5.18605221,8.01022675,10.06631967,-19.36679737
0,BLOB63_0.png,0.30112122,1.207920885,0.72280934,0.656779815,8.23980284,10.12478139,11.43299147,-23.08651526
0,BLOB64_0.png,0.142555243,1.068832793,0.501122044,0.631528965,7.03357622,8.94493587,9.38109165,18.54860143
0,BLOB65_0.png,0.20714687,2.252530336,0.74144661,0.607972559,6.25089149,9.46804349,10.19309308,-21.50929248
0,BLOB66_1.png,0.19216581,1.330332716,0.598438342,0.619149078,5.10355394,6.77304405,7.08947807,14.03246086
0,BLOB67_1.png,0.32108916,1.222950758,0.742722724,0.677532611,5.296847,8.2505312,8.35393717,16.65643243
0,BLOB69_0.png,0.361989166,1.350739194,0.777533155,0.718345598,3.73666512,7.45198159,7.80907788,-15.45558351
0,BLOB70_0.png,0.210651981,1.545110095,0.634897467,0.621169838,4.97253254,6.52092425,6.53588425,13.064304
0,BLOB72_0.png,0.361266496,1.174238614,0.729658895,0.729775045,7.9717985,10.55635776,11.31049719,-22.44212459
0,BLOB73_1.png,0.202507357,2.077470815,0.696483813,0.652915741,4.85148469,6.86820425,7.11349206,14.10435521
0,BLOB75_0.png,0.263462224,1.488615011,0.704009092,0.692256267,6.74408323,9.15929319,10.05422882,22.56463858
0,BLOB76_1.png,0.354009451,1.508270084,0.78561039,0.695150659,3.89662067,5.95328102,6.0485934,12.04956341
0,BLOB78_1.png,0.213117561,1.329771599,0.616278241,0.650788904,5.94718569,8.34202467,8.26692075,16.58604425
0,BLOB79_0.png,0.287090207,2.110773814,0.720967693,0.714137349,5.23635658,8.2426235,8.5478127,16.95128049
0,BLOB80_0.png,0.197951976,1.35971892,0.594746438,0.636823518,4.8884676,7.16897221,7.88622706,15.44992967
0,BLOB83_0.png,0.37042452,1.201565663,0.748685742,0.717864924,4.76699125,6.53807176,7.30160636,14.26838427
0,BLOB83_2.png,0.213308055,1.80857297,0.703047574,0.536642179,4.77389317,6.56480827,7.35330718,14.37153611
0,BLOB85_0.png,0.155528701,1.350267428,0.522609554,0.668185361,5.76598871,7.43344693,7.4773482,14.93298907
0,BLOB87_0.png,0.219681591,1.806134875,0.620816389,0.703243069,6.00934231,8.43585503,8.55533369,17.05589204
0,BLOB88_0.png,0.114407409,1.112032471,0.466059595,0.584002521,5.95540297,8.78606266,9.10536289,18.05152324
0,BLOB89_0.png,0.347485746,1.642681432,0.764297711,0.717662296,4.60513993,6.95949743,6.62949995,13.42781873
0,BLOB91_0.png,0.351163525,1.507296878,0.762223045,0.721006381,5.2720582,6.76901692,6.80170949,13.58719905
0,BLOB92_0.png,0.340100261,1.315261352,0.732717578,0.709215707,6.56893714,9.00853208,8.94808346,17.92649407
0,BLOB93_0.png,0.416152544,1.521659913,0.789048269,0.782128273,5.33473771,8.17962207,7.33495501,-15.55203835
0,BLOB94_1.png,0.128374601,1.279811246,0.526536067,0.593359834,4.23546097,6.31581097,6.56925345,13.03774353
0,BLOB95_0.png,0.351566714,1.569903272,0.752435936,0.711883408,5.67500177,7.66003162,7.23925957,14.68939175
0,BLOB98_0.png,0.201150527,1.49162842,0.643890806,0.600159751,6.63884135,9.22512438,10.01670125,19.72811959
0,BLOB99_0.png,0.122140421,1.206366354,0.479162413,0.592394916,5.96300545,9.07418797,10.75172265,-22.09667925
0,BLOB99_1.png,0.188791985,1.093375582,0.592348777,0.627318117,5.96440237,9.09855816,10.78100981,22.19543788
0,BLOB100_1.png,0.266890371,1.581150827,0.665974395,0.712648314,4.8817372,7.66339132,7.86518731,15.63084139
0,BLOB101_0.png,0.337727075,2.105396746,0.765322075,0.754972797,6.16415452,8.06969127,8.35418584,16.57006603
0,BLOB104_0.png,0.231356583,1.697885124,0.691305506,0.625926396,6.68849924,10.32855606,11.76236803,-22.82341156
0,BLOB104_1.png,0.551164999,1.816970741,0.891439721,0.871862039,6.66841577,10.33212869,11.74492304,-22.78927891
0,BLOB105_0.png,0.325450856,1.609898234,0.790532638,0.702726138,4.59457196,7.24757529,7.26799644,14.52585796
0,BLOB105_1.png,0.378946613,1.184517178,0.769296213,0.716075931,4.60954427,7.24753082,7.27237626,14.53242557
0,BLOB109_0.png,0.152083905,1.569641385,0.58005154,0.574826169,6.59333845,9.5018741,9.0712136,18.36845357
0,BLOB110_0.png,0.229840967,1.466166633,0.608900761,0.693452,6.73713912,10.39250252,10.6919068,21.25786888
0,BLOB111_0.png,0.207587161,1.952299676,0.708160687,0.606552913,4.08585198,5.20114944,5.25283208,10.47982805
0,BLOB113_0.png,0.224759968,1.421778036,0.638316197,0.641678785,5.32788235,10.042153,10.83597255,-21.39426052
0,BLOB116_0.png,0.292532107,1.577057183,0.718623888,0.649656241,5.06958754,6.81164445,6.97853358,13.88388862
0,BLOB117_0.png,0.403306904,1.258466735,0.799403855,0.758492048,5.37005605,7.70283913,7.92756813,15.74754645
0,BLOB117_1.png,0.157017291,1.297651541,0.574961257,0.57367128,5.37046669,7.71136543,7.93665731,15.76550178
0,BLOB117_2.png,0.267013754,1.577235145,0.707338629,0.633997577,5.38047952,7.71117861,7.9471046,15.78187518
0,BLOB119_0.png,0.152821594,2.160664034,0.59081815,0.584125475,5.13674985,7.2550038,7.42272422,14.76175628
0,BLOB119_1.png,0.533257767,2.200002767,0.884352468,0.866798224,5.13690093,7.25948459,7.43338577,14.78001345
0,BLOB122_0.png,0.210238314,1.193470975,0.583201288,0.675916366,7.37864266,10.02035649,10.65693213,21.28770846
0,BLOB123_0.png,0.189597057,1.237365703,0.583337117,0.629384121,5.89731812,8.23211757,7.71936847,15.69512387
0,BLOB124_0.png,0.149783692,1.206017887,0.544195489,0.602474449,7.0761261,9.56677856,10.83264089,-21.0432914
0,BLOB125_0.png,0.196657157,1.379045263,0.585934561,0.673098574,6.95309445,9.32228299,10.64640598,-21.42572717
0,BLOB126_0.png,0.208564346,1.31439119,0.629623016,0.607315628,5.99534305,8.20079548,7.40475461,15.46583212
0,BLOB128_0.png,0.22002171,1.015995549,0.608914626,0.633663366,9.31874511,10.72607483,11.86300359,23.22665731
0,BLOB129_0.png,0.221938076,1.638758522,0.697625871,0.576026823,4.15916488,7.43794083,7.77082689,15.37838888
0,BLOB130_0.png,0.344342066,1.389908114,0.750861891,0.698913985,4.86091007,7.93782459,7.46887669,15.47298059
0,BLOB130_1.png,0.329802494,1.625697917,0.771988922,0.658345393,4.88113336,7.92569516,7.4786002,15.44689737
0,BLOB131_0.png,0.273021089,2.253347696,0.717651398,0.697091372,3.38497681,6.12111992,6.17469186,12.32260053
0,BLOB132_0.png,0.137485463,1.094868133,0.534020417,0.588355565,7.66174372,9.54098165,11.46564752,22.28041586
0,BLOB133_0.png,0.129252156,1.547825608,0.509735866,0.580092496,6.80926794,9.68309678,11.26389496,21.7378509
0,BLOB135_0.png,0.18104211,1.365238368,0.622952798,0.560622914,4.74039482,5.83469661,5.8649797,11.71482023
0,BLOB136_0.png,0.345082113,1.094761945,0.74811597,0.699919596,4.12821184,5.79487138,5.82454643,11.63426054
0,BLOB137_1.png,0.274367245,1.030687694,0.661666535,0.685997345,5.77586442,9.09923968,9.16562755,18.3042414
0,BLOB138_0.png,0.260844254,1.091688701,0.644529959,0.68818514,5.00598812,7.62947983,7.71921192,15.39367182
0,BLOB138_1.png,0.158003181,1.940536308,0.608270353,0.556806513,5.00033566,7.64759279,7.73901936,15.4324525
0,BLOB139_0.png,0.261899271,2.052243149,0.696253977,0.712358477,5.71082477,8.12087411,8.13228836,16.26441062
0,BLOB140_0.png,0.20939766,1.448291936,0.637934479,0.599512108,4.61517412,8.75218908,7.70891045,-16.66153475
0,BLOB141_0.png,0.332504547,1.365802913,0.745740003,0.68317426,5.33753043,8.14120577,8.80756001,17.30950897
0,BLOB142_0.png,0.375292376,1.319532793,0.762389922,0.740086426,6.85919074,9.41136534,9.88547132,19.53410799
0,BLOB143_0.png,0.340109815,1.505185112,0.755978387,0.716958055,4.55384216,9.0301448,9.47322031,18.73562042
0,BLOB147_0.png,0.397881112,1.23164386,0.781711566,0.742429631,6.96652407,10.81746348,12.14524189,-23.62727333
0,BLOB150_0.png,0.228955473,1.337480854,0.618286956,0.665520475,4.82401053,7.6158093,7.66126343,15.29983139
0,BLOB151_1.png,0.209831599,1.092045424,0.599944319,0.649249548,5.55683788,8.81876709,9.91375866,-19.28026912
0,BLOB153_0.png,0.401840802,1.394255494,0.789768173,0.761661893,5.8550331,8.39157025,6.97159764,14.88906818
0,BLOB155_0.png,0.332120686,1.439598592,0.740874311,0.683702308,3.83736855,8.96659947,8.07758392,-16.90696675
0,BLOB157_0.png,0.306210683,1.234520416,0.723252792,0.668581383,5.53923901,8.31706919,8.7913688,17.355087
0,BLOB157_1.png,0.277404979,1.723400895,0.741117638,0.612994089,5.54228503,8.34638159,8.81925801,17.41157053
0,BLOB158_0.png,0.155618497,1.096184331,0.533671556,0.598306292,5.41422824,7.24495476,7.3324841,14.62198066
0,BLOB160_0.png,0.180775271,1.392714663,0.566863404,0.649261021,7.25724029,13.5004157,11.8184611,24.48916382
0,BLOB162_1.png,0.226497502,1.210933746,0.597391293,0.732185877,5.60857679,8.46090293,8.53129502,17.02905735
0,BLOB163_0.png,0.316202601,1.197045561,0.726129833,0.652661706,4.54950759,6.53325469,6.57420061,13.12793219
0,BLOB165_0.png,0.161239499,1.614018917,0.578150805,0.59439496,5.8205641,7.41397366,7.7932038,15.44013049
0,BLOB166_1.png,0.189101908,1.541589786,0.597129924,0.612383531,4.07819223,7.0070997,6.97093919,13.95995905
0,BLOB167_0.png,0.141895179,1.372700407,0.549864431,0.568831169,5.31576961,7.7541343,7.85132332,15.65431304
0,BLOB168_0.png,0.200774517,1.606105031,0.592121322,0.656992084,4.22920358,7.54626966,7.80539072,15.49380242
0,BLOB169_0.png,0.405302009,1.310489536,0.780365011,0.743699274,3.39384262,6.06350501,6.09383312,12.1725024
0,BLOB170_0.png,0.225815481,1.295207745,0.639317874,0.656478691,5.8360261,7.83616492,7.87082535,-16.550991
0,BLOB171_0.png,0.203295484,1.76076712,0.624351917,0.64787932,4.52438543,9.94342277,10.76479877,-21.59701112
0,BLOB172_0.png,0.162310696,1.055450182,0.563717289,0.578965557,8.16115624,9.65421465,11.59040923,22.65280221
0,BLOB177_0.png,0.354333405,1.117421901,0.738766907,0.704670083,8.47245092,10.26681305,9.86522302,19.94721439
0,BLOB180_1.png,0.180384683,1.290458557,0.564928952,0.639147251,4.62432253,7.7747896,9.41046952,18.43515243
0,BLOB182_0.png,0.294605751,1.519563513,0.722743167,0.651306844,4.76429273,9.16532651,9.98085589,-20.44484647
0,BLOB183_0.png,0.331502674,1.625902541,0.739274811,0.696563525,5.12904644,7.2757196,7.11679125,14.31817779
0,BLOB184_0.png,0.312625263,1.528772406,0.704756897,0.71932686,6.73974769,9.11035378,9.35039827,18.62130819
0,BLOB186_0.png,0.143266567,1.556048463,0.535511845,0.609592123,6.71370366,9.12481131,9.30342162,18.59572938
0,BLOB190_0.png,0.164228649,1.319137821,0.539058606,0.624892382,6.84946085,9.51001204,9.47268308,18.96446438
0,BLOB191_0.png,0.32953676,1.089184081,0.715261427,0.71236471,5.84948396,6.91841749,6.90888057,13.82451346
0,BLOB193_0.png,0.215329584,1.194626755,0.652506106,0.661780524,7.14425715,8.92506171,10.24304915,19.92311884
0,BLOB194_0.png,0.347805434,1.274480012,0.743243312,0.7118828,5.49745643,6.70233987,7.4503564,14.70754463
0,BLOB195_0.png,0.35357999,1.233063873,0.747432124,0.69310987,7.67094146,11.25525207,11.0748908,22.24084618
0,BLOB197_0.png,0.332053941,1.339758722,0.723393407,0.696449026,6.27944359,8.93851785,9.097126,18.12092982
0,BLOB198_0.png,0.163987489,1.138995096,0.555675185,0.624925537,7.21781246,8.73095237,8.95869432,17.89955623
1,BLOB2_0.png,0.145964761,2.145112483,0.573004264,0.596867851,4.48768968,6.72386521,6.82886283,13.60898162
1,BLOB2_1.png,0.047610023,1.135760217,0.368044349,0.399417773,4.48748699,6.73280878,6.84140506,13.63224123
1,BLOB2_2.png,0.111619517,1.182028354,0.504483166,0.479292169,4.50338279,6.74444167,6.85022789,13.65094854
1,BLOB7_0.png,0.06315804,1.517686317,0.431782683,0.40183687,5.39936149,6.51677353,6.60932264,13.17283651
1,BLOB10_0.png,0.076228488,1.155282808,0.45276655,0.441481966,7.1337771,10.00427639,11.10706451,23.19697487
1,BLOB12_0.png,0.089659766,1.210803286,0.506156377,0.404542693,4.70781947,7.89148999,7.82676221,15.68883387
1,BLOB15_0.png,0.061855382,1.125357267,0.429360889,0.38309454,6.15005789,7.849578,7.91197931,15.79293137
1,BLOB17_0.png,0.06268403,1.191544845,0.419520007,0.430001749,6.8896836,9.03776306,10.5107803,-20.36115019
1,BLOB19_0.png,0.064478551,1.34093018,0.41661784,0.440309466,4.83392208,7.5403893,8.2010453,16.22656805
1,BLOB23_0.png,0.057215662,1.211939832,0.422175684,0.378151114,6.14394064,7.4582947,7.55141363,15.05627501
1,BLOB24_1.png,0.05895129,1.192905256,0.415398804,0.399502904,5.5015743,8.89532866,8.98270785,17.92509109
1,BLOB26_0.png,0.063477179,1.665858793,0.47617386,0.353304271,4.88692898,8.78030343,8.41063583,17.14514769
1,BLOB26_1.png,0.068921944,1.308736567,0.396194571,0.480017809,4.89601457,8.80827785,8.44597535,17.22160112
1,BLOB28_0.png,0.097275039,1.200523017,0.498745738,0.458981124,6.6362306,9.19502172,10.1499813,-19.82325605
1,BLOB31_0.png,0.074346254,1.339485387,0.442921963,0.430901816,5.64524049,7.97754649,7.82284302,-15.82366734
1,BLOB34_0.png,0.097774526,1.257634834,0.470122136,0.512732493,4.21645702,6.52380348,6.97403029,13.74327845
1,BLOB37_0.png,0.098663787,1.175541305,0.499769549,0.470031881,6.81516827,9.38639799,10.25958369,-20.13171246
1,BLOB39_0.png,0.089774362,1.277347006,0.451912064,0.499591962,5.02453015,7.10454694,6.14649172,-12.94244927
1,BLOB43_0.png,0.084997844,1.349124585,0.465850222,0.462373158,4.40177082,7.31169238,7.44339994,14.82123499
1,BLOB45_0.png,0.047030718,1.435241244,0.36542636,0.402489037,6.11018746,8.66094176,8.02360532,-16.57148987
1,BLOB46_1.png,0.099776199,1.10299299,0.511642539,0.450531513,4.9954293,7.78868685,8.6850531,18.34799611
1,BLOB48_0.png,0.063017033,1.123382935,0.393323461,0.494258935,7.7584349,10.35969198,10.65717816,-21.25640102
1,BLOB49_0.png,0.114647244,1.053424193,0.549371055,0.446194592,4.25997331,6.61108856,6.99328249,13.82903003
1,BLOB52_1.png,0.09723357,1.242862138,0.505973329,0.433394289,6.70936188,8.75197411,9.23200677,18.22399921
1,BLOB53_0.png,0.047805363,2.289539479,0.387896261,0.422245178,5.23388331,8.58420819,9.77898553,19.01016157
1,BLOB53_1.png,0.055906122,1.628580993,0.385110156,0.441107935,5.25028349,8.54697553,9.83531343,19.16461125
1,BLOB57_0.png,0.057715829,1.117273102,0.433679775,0.381840429,5.14627431,7.83495478,7.9404484,15.82927827
1,BLOB58_0.png,0.042080462,1.241811662,0.368542345,0.353316029,5.74021909,8.01752306,8.22887349,16.3532257
1,BLOB59_0.png,0.065823777,1.106857432,0.393395097,0.477342069,4.89377418,7.41829143,7.55130302,15.03615334
1,BLOB61_1.png,0.057991937,1.099146013,0.416281777,0.37136393,6.08468244,7.90640937,7.57322417,15.78256258
1,BLOB62_0.png,0.064173248,1.317809103,0.425504356,0.41437949,5.17225792,7.99236967,9.97307943,19.4458363
1,BLOB62_1.png,0.083021908,1.224014965,0.480930494,0.406548683,5.17877496,8.01116628,10.0723747,-19.57982486
1,BLOB66_0.png,0.095201561,1.038375797,0.467372274,0.47620915,5.08766642,6.7540169,7.04425475,13.96226979
1,BLOB67_0.png,0.078745131,1.087631393,0.482147461,0.395259225,5.29353099,8.21399821,8.32904918,16.6008018
1,BLOB68_0.png,0.086027855,1.19604443,0.45731635,0.478744979,6.76131864,9.28759645,10.41943556,-20.9163009
1,BLOB69_1.png,0.075664551,1.419200245,0.498517837,0.370767536,3.74540482,7.68082853,7.5782866,-15.20790774
1,BLOB71_0.png,0.116713117,1.111521049,0.513595748,0.505294082,4.01454851,6.340225,6.45414561,12.85135112
1,BLOB71_1.png,0.064801971,1.593866756,0.42959765,0.45626072,4.01921245,6.37520928,6.48908018,12.92124947
1,BLOB73_0.png,0.08298026,1.075243134,0.445201555,0.461704048,4.86212009,6.85242286,7.09655563,14.0710605
1,BLOB74_0.png,0.060706785,1.290731038,0.423519713,0.387946503,6.35397607,10.97312738,8.74055276,-19.06796122
1,BLOB76_0.png,0.067405669,1.19859765,0.438570856,0.399065329,3.8772854,5.94468751,6.03670343,12.02742797
1,BLOB77_0.png,0.10680088,1.419024687,0.56087939,0.426913609,4.06387806,6.14193728,6.15248617,12.3011913
1,BLOB78_0.png,0.088134842,1.507410396,0.480528484,0.45545348,5.94485643,8.32903458,8.25523128,16.56132689
1,BLOB80_1.png,0.087168077,1.432346278,0.483753387,0.446840385,4.8903987,7.18636604,7.88935711,15.45194348
1,BLOB81_0.png,0.071979681,1.42698224,0.465431954,0.393435252,4.79243934,6.64158024,6.67507326,13.40375345
1,BLOB82_0.png,0.096670703,1.178422162,0.504954257,0.453110199,7.5444695,9.49112107,10.56883062,20.59943193
1,BLOB83_1.png,0.087985451,1.657648786,0.522252636,0.421055565,4.76241516,6.55000339,7.33137576,14.32612978
1,BLOB84_0.png,0.112634614,1.030821694,0.544200375,0.446999575,7.64945101,9.88427438,10.35503163,20.55799031
1,BLOB86_0.png,0.066610269,1.300186656,0.447628088,0.41355618,4.77341591,6.60411959,6.69669426,13.34711561
1,BLOB88_1.png,0.047723705,1.343821201,0.425990702,0.320231523,5.96661363,8.77432121,9.09928482,18.03692482
1,BLOB90_0.png,0.078730221,1.442284741,0.465375946,0.451406524,6.03457053,7.59508036,7.52309589,15.083696
1,BLOB94_0.png,0.124436647,1.655979467,0.565592397,0.47888841,4.22719337,6.30475491,6.55875105,13.01574681
1,BLOB96_0.png,0.071674395,1.394964014,0.434965768,0.438181762,7.00345961,9.30806682,10.71023798,-20.87415343
1,BLOB97_0.png,0.093019468,1.097517056,0.462321817,0.485905857,6.49564815,7.75863872,7.80104967,15.58139689
1,BLOB100_0.png,0.127476082,1.818552616,0.541682026,0.538072699,4.87737021,7.64760215,7.85105996,15.60164565
1,BLOB102_0.png,0.063303807,1.166700589,0.44024044,0.382650384,8.00659182,10.18941071,11.89097072,-24.08864258
1,BLOB103_0.png,0.117678323,1.24815482,0.552040324,0.449002564,5.05651482,7.10166911,7.1799469,14.32895076
1,BLOB106_0.png,0.05671967,1.102829044,0.428113637,0.345733856,5.39002916,7.08303182,7.64387147,15.41182543
1,BLOB107_0.png,0.072120231,1.165766509,0.444576924,0.410872848,7.03242215,9.58997376,10.90884425,-21.31248186
1,BLOB108_0.png,0.083230732,1.1455025,0.509495384,0.379740957,5.06084133,7.00544063,6.76841843,13.65859554
1,BLOB112_0.png,0.113165979,1.101794195,0.517360002,0.483358837,4.26248324,6.324403,6.09627957,12.30830534
1,BLOB113_1.png,0.067946889,1.526277731,0.399623758,0.481870308,5.33429305,10.29672899,10.8991517,22.56563125
1,BLOB114_0.png,0.052540796,1.093914041,0.373358349,0.438598867,6.36583961,8.41443524,8.60605172,17.11894509
1,BLOB115_0.png,0.065000283,1.216714562,0.44880826,0.384740323,7.03990988,8.88978723,9.94761791,20.29935186
1,BLOB120_0.png,0.09619536,1.46291243,0.490427886,0.510886377,6.94104353,9.44707722,11.30270206,-21.6997187
1,BLOB121_0.png,0.06187514,1.128961137,0.424761504,0.393949316,4.52410066,6.00087739,5.88287267,11.82651719
1,BLOB127_0.png,0.11332381,1.418383035,0.517104294,0.498426548,5.91103317,8.52657013,8.77769963,18.2663236
1,BLOB127_1.png,0.096458579,1.77897381,0.517152362,0.444999428,5.90461276,8.54423292,8.80925339,18.09174355
1,BLOB129_1.png,0.06806563,1.517305281,0.456275645,0.39884028,4.17049131,7.51254013,7.84500774,15.52831368
1,BLOB131_1.png,0.117319103,1.299488913,0.530647934,0.482235381,3.39082437,6.1213468,6.18194732,12.33359758
1,BLOB134_0.png,0.118179997,1.35151162,0.485225435,0.566090519,6.7212708,9.08023595,8.62829788,-18.50880918
1,BLOB137_0.png,0.081059392,1.480669145,0.442308064,0.529619224,5.76681086,9.08520209,9.14952281,18.27271622
1,BLOB140_1.png,0.053599326,1.22331211,0.402768422,0.416058151,4.62564797,8.7409486,7.69787086,-17.26478599
1,BLOB141_1.png,0.043610325,1.621827905,0.35517167,0.408263618,5.33750406,8.17038952,8.84602456,17.38515091
1,BLOB143_1.png,0.089978999,1.247521581,0.467001014,0.463259598,4.56667593,9.38357092,9.99806701,19.73912028
1,BLOB144_0.png,0.117823911,1.080162414,0.537878512,0.462354373,6.04857237,8.05770801,8.96336595,-17.6378048
1,BLOB144_1.png,0.062361988,1.265295823,0.398126489,0.442358139,6.01714501,8.05720638,8.96920395,-17.66120875
1,BLOB145_0.png,0.069187834,1.462511235,0.445711312,0.422418426,6.96270941,7.79005092,7.78075309,-16.13140324
1,BLOB146_0.png,0.058280503,1.241776599,0.393060321,0.441390461,6.80280447,10.18362358,10.0709646,20.23585521
1,BLOB148_0.png,0.063088737,1.353249712,0.386787066,0.460928774,4.83821431,7.03760293,6.70268026,13.57936821
1,BLOB149_0.png,0.097439574,1.191239838,0.489217951,0.488290647,5.50841326,8.4665815,8.6653194,17.231289
1,BLOB149_1.png,0.122716272,1.132371929,0.546105644,0.495578203,5.53289698,8.4646005,8.69430724,17.27395551
1,BLOB150_1.png,0.247559935,1.574505947,0.632786839,0.739757027,4.84147481,7.61673339,7.6681082,15.31055165
1,BLOB151_0.png,0.05103945,1.456553015,0.392484435,0.399859663,5.55152937,8.79739803,9.89348447,-19.24022639
1,BLOB152_0.png,0.116940057,1.307269515,0.50381319,0.549624301,4.79100591,6.46309691,6.27050997,12.64182132
1,BLOB154_0.png,0.046714715,1.442713644,0.362282043,0.440090416,6.56598228,8.86175404,9.69069967,-18.9688409
1,BLOB156_0.png,0.100310597,1.153468031,0.495334833,0.461989529,5.1434548,6.67075847,6.73882112,13.44396289
1,BLOB159_0.png,0.049360155,1.070376996,0.380386043,0.413914415,6.97590123,9.25420518,9.34028242,18.98737214
1,BLOB161_0.png,0.08156485,1.15802387,0.439428347,0.468997773,7.17785407,10.31315648,11.32744787,-22.30296972
1,BLOB162_0.png,0.086930546,1.521471891,0.478523445,0.459578804,5.61259507,8.44754277,8.52308418,17.00997406
1,BLOB166_0.png,0.098854547,1.261090138,0.490566049,0.481490714,4.06967728,6.90932839,6.88405571,13.7807494
1,BLOB167_1.png,0.108005614,1.122774897,0.452303847,0.584554582,5.30742947,7.76799409,7.86403023,15.68029308
1,BLOB168_1.png,0.062524749,1.377241879,0.416279034,0.407491671,4.24420135,7.49850991,7.74966799,15.38418169
1,BLOB171_1.png,0.087292287,1.230139944,0.49909386,0.417010176,4.53252425,9.85220733,10.82233194,-21.16140007
1,BLOB174_0.png,0.056074293,1.093317362,0.393756816,0.398388987,9.73042441,9.86598017,12.21109286,23.44882575
1,BLOB175_0.png,0.060857974,1.308489954,0.399730126,0.428688562,5.91056029,8.22441036,8.38237137,16.69085412
1,BLOB176_0.png,0.064745435,1.173256514,0.454237494,0.356857814,5.80309731,7.22261733,7.03646472,14.17585521
1,BLOB178_0.png,0.065857435,1.160855886,0.399174435,0.469335423,5.63205409,7.56172459,7.65380388,15.26303477
1,BLOB179_0.png,0.085051731,1.396452818,0.468399864,0.459072899,5.00895857,6.69225257,6.73375054,13.44675646
1,BLOB180_0.png,0.085920267,1.308870549,0.439765072,0.503647917,4.62219231,7.73818829,9.36096031,-18.62728051
1,BLOB181_0.png,0.091737143,1.110279613,0.480028049,0.449780305,7.27604388,10.42772402,10.26953737,20.66025859
1,BLOB182_1.png,0.079983706,1.146604947,0.453436215,0.459548677,4.77453686,9.24538953,9.74269699,19.36178006
1,BLOB185_0.png,0.072156407,1.320469552,0.42660876,0.445203907,4.88747718,8.36525493,8.73061641,17.28185443
1,BLOB185_1.png,0.047289622,1.529737927,0.421026588,0.332975644,4.90355761,8.30890661,8.68149482,17.17961078
1,BLOB187_0.png,0.087329218,1.337652221,0.470730427,0.459952069,6.50589466,10.20153429,12.1928566,23.42620004
1,BLOB188_0.png,0.06765041,1.307762596,0.467685595,0.391531212,4.52927006,7.52381059,7.72536578,15.35002409
1,BLOB188_1.png,0.084601509,1.334664269,0.486752469,0.434022704,4.55043495,7.50543623,7.70601618,15.31187082
1,BLOB189_0.png,0.053057621,1.176571653,0.407407468,0.430468154,6.39029239,7.96266183,8.4509021,16.67276507
1,BLOB192_0.png,0.059213847,1.147793331,0.393025297,0.425686226,5.70257423,7.15162201,7.21239671,14.3944408
1,BLOB194_1.png,0.134326959,1.39073364,0.595503508,0.462877286,5.49640013,6.72329747,7.46148701,14.69443819
1,BLOB196_0.png,0.058508489,1.333225889,0.40733891,0.433910014,7.06229843,9.15825307,10.25137459,20.18800452
1,BLOB199_0.png,0.063128527,1.156813061,0.409968364,0.431396786,6.29957598,7.70877443,7.80703921,15.56994345
